{
    "lighting": "none",
    "matrix": {
        "rows": 8,
        "cols": 5
    },
    "layouts": {
        "labels": [ "semistag_16_3" ],
        "keymap": 
        [
  {
    "name": "modubu"
  },
  [
    {
      "x": 2.5
    },
    "0,2",
    "0,3",
    "0,4",
    {
      "x": 2
    },
    "4,4",
    "4,3",
    "4,2"
  ],
  [
    {
      "y": -0.8,
      "x": 1.5
    },
    "0,1"
  ],
  [
    {
      "y": -1,
      "x": 10.5
    },
    "4,1"
  ],
  [
    {
      "y": -0.7,
      "x": 0.25,
      "w": 1.25
    },
    "0,0",
    {
      "x": 10,
      "w": 1.25
    },
    "4,0"
  ],
  [
    {
      "y": -0.5,
      "x": 2.5
    },
    "1,2",
    "1,3",
    "1,4",
    {
      "x": 2
    },
    "5,4",
    "5,3",
    "5,2"
  ],
  [
    {
      "y": -0.8,
      "x": 1.5
    },
    "1,1",
    {
      "x": 8
    },
    "5,1"
  ],
  [
    {
      "y": -0.7000000000000002,
      "x": 0.25,
      "w": 1.25
    },
    "1,0",
    {
      "x": 10,
      "w": 1.25
    },
    "5,0"
  ],
  [
    {
      "y": -0.5,
      "x": 3
    },
    "2,2",
    "2,3",
    "2,4",
    {
      "x": 1
    },
    "6,4",
    "6,3",
    "6,2"
  ],
  [
    {
      "y": -0.7999999999999998,
      "x": 2
    },
    "2,1",
    {
      "x": 7
    },
    "6,1"
  ],
  [
    {
      "y": -0.7000000000000002
    },
    "3,0",
    "2,0",
    {
      "x": 9
    },
    "6,0",
    "7,0"
  ],
  [
    {
      "x": 2.5
    },
    "3,2",
    {
      "x": 6
    },
    "7,2"
  ],
  [
    {
      "y": -0.8999999999999999,
      "x": 3.5
    },
    "3,3",
    {
      "x": 4
    },
    "7,3"
  ],
  [
    {
      "y": -0.8999999999999995,
      "x": 4.5,
      "w2": 1.5
    },
    "3,4",
    {
      "x": 1.5,
      "w2": 1.5
    },
    "7,4"
  ]
]
    }
}